,x,y,celltype_F,rotated_x,rotated_y
2912,17061,3010,Astro,17061.0,3010.0
2918,18878,3012,Oligo,18878.0,3012.0
2925,16552,3018,OPC,16552.0,3018.0
2928,18964,3022,Oligo,18964.0,3022.0
2933,15661,3028,Oligo,15661.0,3028.0
2936,16920,3030,Oligo,16920.0,3030.0
2938,17970,3031,Oligo,17970.0,3031.0
2940,17524,3034,Oligo,17524.0,3034.0
2950,16177,3043,Oligo,16177.0,3043.0
2953,16063,3048,Oligo,16063.0,3048.0
2954,17767,3047,Oligo,17767.0,3047.0
2955,17822,3048,Oligo,17822.0,3048.0
2956,18160,3048,SST,18160.0,3048.0
2958,18200,3049,Oligo,18200.0,3049.0
2961,15948,3051,Oligo,15948.0,3051.0
2968,17144,3053,Oligo,17144.0,3053.0
2985,15472,3073,Oligo,15472.0,3073.0
2988,16309,3076,Oligo,16309.0,3076.0
2989,15096,3078,VIP,15096.0,3078.0
2994,15548,3082,Oligo,15548.0,3082.0
2998,16679,3085,Oligo,16679.0,3085.0
2999,18016,3084,Oligo,18016.0,3084.0
3015,15237,3098,Oligo,15237.0,3098.0
3016,17297,3098,OPC,17297.0,3098.0
3026,17550,3106,Oligo,17550.0,3106.0
3030,15888,3109,Oligo,15888.0,3109.0
3034,15439,3112,Oligo,15439.0,3112.0
3035,17385,3111,Oligo,17385.0,3111.0
3043,17876,3117,Oligo,17876.0,3117.0
3058,15428,3131,Oligo,15428.0,3131.0
3059,15753,3132,Oligo,15753.0,3132.0
3079,15581,3147,Oligo,15581.0,3147.0
3080,17674,3149,Astro,17674.0,3149.0
3081,18954,3149,Oligo,18954.0,3149.0
3089,18146,3151,OPC,18146.0,3151.0
3104,18241,3162,VIP,18241.0,3162.0
3109,17400,3166,Oligo,17400.0,3166.0
3111,15258,3168,Oligo,15258.0,3168.0
3112,15937,3167,OPC,15937.0,3167.0
3113,16025,3168,SST,16025.0,3168.0
3142,18809,3195,Oligo,18809.0,3195.0
3156,15850,3207,L4 IT,15850.0,3207.0
3159,15763,3210,Oligo,15763.0,3210.0
3163,17101,3214,VIP,17101.0,3214.0
3180,15801,3229,Chandelier,15801.0,3229.0
3183,15889,3227,Micro/PVM,15889.0,3227.0
3184,15410,3232,VIP,15410.0,3232.0
3187,16842,3236,LAMP5 LHX6,16842.0,3236.0
3223,17954,3266,OPC,17954.0,3266.0
3229,16009,3269,Oligo,16009.0,3269.0
3232,16114,3272,Oligo,16114.0,3272.0
3233,18119,3272,Oligo,18119.0,3272.0
3237,15100,3277,Oligo,15100.0,3277.0
3240,18615,3279,Oligo,18615.0,3279.0
3241,15352,3281,Oligo,15352.0,3281.0
3251,17311,3289,Oligo,17311.0,3289.0
3262,18592,3303,Oligo,18592.0,3303.0
3264,17163,3305,Micro/PVM,17163.0,3305.0
3271,18034,3314,Oligo,18034.0,3314.0
3277,18694,3317,Oligo,18694.0,3317.0
3284,16635,3322,Astro,16635.0,3322.0
3288,15161,3327,Oligo,15161.0,3327.0
3297,17803,3334,Oligo,17803.0,3334.0
3309,15063,3352,Oligo,15063.0,3352.0
3314,15038,3355,Oligo,15038.0,3355.0
3321,15629,3359,Oligo,15629.0,3359.0
3327,15539,3365,Oligo,15539.0,3365.0
3331,15984,3370,Oligo,15984.0,3370.0
3332,17454,3371,Oligo,17454.0,3371.0
3336,15660,3374,Oligo,15660.0,3374.0
3339,16872,3376,SST CHODL,16872.0,3376.0
3353,16024,3393,PVALB,16024.0,3393.0
3359,16287,3395,Oligo,16287.0,3395.0
3365,17196,3401,Micro/PVM,17196.0,3401.0
3366,18473,3402,Oligo,18473.0,3402.0
3380,18425,3413,Oligo,18425.0,3413.0
3384,16954,3419,Oligo,16954.0,3419.0
3392,15864,3428,Oligo,15864.0,3428.0
3408,16958,3445,Oligo,16958.0,3445.0
3412,17138,3449,Oligo,17138.0,3449.0
3416,16495,3453,SNCG,16495.0,3453.0
3425,18885,3460,Oligo,18885.0,3460.0
3428,15478,3462,Oligo,15478.0,3462.0
3429,16718,3462,Micro/PVM,16718.0,3462.0
3430,18614,3462,Oligo,18614.0,3462.0
3432,16934,3464,LAMP5,16934.0,3464.0
3449,17027,3474,Oligo,17027.0,3474.0
3457,16034,3480,Oligo,16034.0,3480.0
3459,18635,3482,LAMP5 LHX6,18635.0,3482.0
3461,17110,3484,Oligo,17110.0,3484.0
3469,18539,3492,Oligo,18539.0,3492.0
3476,17602,3496,Micro/PVM,17602.0,3496.0
3486,16800,3507,SST,16800.0,3507.0
3491,16723,3514,VIP,16723.0,3514.0
3498,18072,3520,Oligo,18072.0,3520.0
3507,18784,3526,Oligo,18784.0,3526.0
3509,16195,3527,Oligo,16195.0,3527.0
3518,17592,3534,Oligo,17592.0,3534.0
3519,17891,3533,Oligo,17891.0,3533.0
3523,15954,3536,Oligo,15954.0,3536.0
3525,17962,3537,Oligo,17962.0,3537.0
3527,18025,3538,Oligo,18025.0,3538.0
3528,18058,3544,Oligo,18058.0,3544.0
3540,16150,3552,Micro/PVM,16150.0,3552.0
3551,18998,3565,VIP,18998.0,3565.0
3555,15608,3572,Oligo,15608.0,3572.0
3558,18934,3573,OPC,18934.0,3573.0
3571,17971,3582,Oligo,17971.0,3582.0
3578,17381,3589,SNCG,17381.0,3589.0
3580,16761,3591,Oligo,16761.0,3591.0
3581,15525,3593,Oligo,15525.0,3593.0
3586,18503,3597,Oligo,18503.0,3597.0
3591,16606,3604,Oligo,16606.0,3604.0
3592,18400,3607,Oligo,18400.0,3607.0
3598,16862,3609,Oligo,16862.0,3609.0
3610,17600,3626,Oligo,17600.0,3626.0
3616,18229,3633,Chandelier,18229.0,3633.0
3619,16440,3634,SST,16440.0,3634.0
3621,18873,3635,Chandelier,18873.0,3635.0
3629,16843,3643,Oligo,16843.0,3643.0
3639,15041,3652,Oligo,15041.0,3652.0
3645,15839,3653,SNCG,15839.0,3653.0
3652,18288,3662,Astro,18288.0,3662.0
3663,15621,3669,VIP,15621.0,3669.0
3672,16436,3682,Oligo,16436.0,3682.0
3709,17129,3718,Oligo,17129.0,3718.0
3722,17336,3733,Oligo,17336.0,3733.0
3726,17093,3736,Oligo,17093.0,3736.0
3740,18580,3740,Oligo,18580.0,3740.0
3754,16238,3749,Oligo,16238.0,3749.0
3757,15763,3753,Oligo,15763.0,3753.0
3763,15991,3757,PVALB,15991.0,3757.0
3765,18155,3759,Oligo,18155.0,3759.0
3768,18190,3760,L5 IT,18190.0,3760.0
3770,15788,3762,Oligo,15788.0,3762.0
3772,15663,3767,Oligo,15663.0,3767.0
3779,15574,3770,Oligo,15574.0,3770.0
3785,17974,3778,Oligo,17974.0,3778.0
3795,18578,3791,Oligo,18578.0,3791.0
3801,18006,3796,Oligo,18006.0,3796.0
3821,17209,3821,Oligo,17209.0,3821.0
3852,15846,3850,OPC,15846.0,3850.0
3864,16941,3881,Oligo,16941.0,3881.0
3891,16613,3909,Chandelier,16613.0,3909.0
3897,16523,3914,L6 IT,16523.0,3914.0
3905,16083,3922,Oligo,16083.0,3922.0
3913,18420,3930,SNCG,18420.0,3930.0
3917,16957,3932,Oligo,16957.0,3932.0
3924,15587,3937,L4 IT,15587.0,3937.0
3934,16071,3946,Oligo,16071.0,3946.0
3940,15520,3950,SST,15520.0,3950.0
3943,15604,3957,Oligo,15604.0,3957.0
3946,15806,3959,Oligo,15806.0,3959.0
3973,16926,3982,Oligo,16926.0,3982.0
3979,17150,3990,Oligo,17150.0,3990.0
3988,18440,4001,SST CHODL,18440.0,4001.0
3998,17496,4009,PVALB,17496.0,4009.0
4001,16024,4015,Oligo,16024.0,4015.0
4005,17327,4023,Oligo,17327.0,4023.0
4013,18696,4037,Oligo,18696.0,4037.0
4019,18284,4041,Astro,18284.0,4041.0
4026,17591,4052,Oligo,17591.0,4052.0
4028,18305,4056,Oligo,18305.0,4056.0
4032,15877,4059,Astro,15877.0,4059.0
4033,16063,4059,Oligo,16063.0,4059.0
4042,15298,4066,Oligo,15298.0,4066.0
4044,16223,4068,Oligo,16223.0,4068.0
4046,17547,4070,Oligo,17547.0,4070.0
4051,16450,4077,L5 IT,16450.0,4077.0
4063,16128,4089,PVALB,16128.0,4089.0
4071,18438,4097,OPC,18438.0,4097.0
4075,17140,4098,VIP,17140.0,4098.0
4078,16630,4100,OPC,16630.0,4100.0
4080,17347,4102,Oligo,17347.0,4102.0
4084,16746,4105,Oligo,16746.0,4105.0
4085,17474,4105,Oligo,17474.0,4105.0
4086,17933,4104,Oligo,17933.0,4104.0
4091,18715,4109,Oligo,18715.0,4109.0
4120,18626,4136,Oligo,18626.0,4136.0
4131,15642,4152,Oligo,15642.0,4152.0
4141,16179,4164,Oligo,16179.0,4164.0
4153,18174,4175,Oligo,18174.0,4175.0
4159,15692,4185,Oligo,15692.0,4185.0
4160,18761,4183,Oligo,18761.0,4183.0
4165,18692,4187,Oligo,18692.0,4187.0
4173,15924,4201,Oligo,15924.0,4201.0
4176,15323,4205,Oligo,15323.0,4205.0
4177,16072,4205,Oligo,16072.0,4205.0
4179,18479,4205,Oligo,18479.0,4205.0
4184,17253,4213,Oligo,17253.0,4213.0
4203,18960,4230,Micro/PVM,18960.0,4230.0
4207,18221,4231,Oligo,18221.0,4231.0
4217,17118,4243,Endo,17118.0,4243.0
4224,18987,4248,Oligo,18987.0,4248.0
4234,17637,4262,Oligo,17637.0,4262.0
4238,15395,4266,Oligo,15395.0,4266.0
4239,16557,4269,L5 IT,16557.0,4269.0
4243,16875,4277,Oligo,16875.0,4277.0
4255,18145,4294,VIP,18145.0,4294.0
4256,17372,4295,Oligo,17372.0,4295.0
4258,16701,4296,VIP,16701.0,4296.0
4271,15066,4310,Oligo,15066.0,4310.0
4272,18133,4310,Oligo,18133.0,4310.0
4274,18292,4310,SST,18292.0,4310.0
4276,17760,4312,Oligo,17760.0,4312.0
4286,18958,4323,Oligo,18958.0,4323.0
4301,15327,4335,Oligo,15327.0,4335.0
4302,16509,4334,Oligo,16509.0,4334.0
4313,17644,4349,PVALB,17644.0,4349.0
4319,18527,4361,L6 IT,18527.0,4361.0
4326,15925,4373,L5 IT,15925.0,4373.0
4327,17565,4372,Oligo,17565.0,4372.0
4332,15621,4379,L5 IT,15621.0,4379.0
4338,18968,4384,Oligo,18968.0,4384.0
4349,15186,4396,Oligo,15186.0,4396.0
4372,18393,4421,Micro/PVM,18393.0,4421.0
4378,15334,4425,OPC,15334.0,4425.0
4379,15378,4422,Oligo,15378.0,4422.0
4400,16552,4449,OPC,16552.0,4449.0
4413,18173,4456,L6 IT Car3,18173.0,4456.0
4443,18239,4486,VIP,18239.0,4486.0
4446,16818,4491,VIP,16818.0,4491.0
4449,15900,4496,L6 IT,15900.0,4496.0
4472,17859,4515,Oligo,17859.0,4515.0
4485,16460,4527,Oligo,16460.0,4527.0
4486,18427,4527,L6 IT,18427.0,4527.0
4489,15747,4529,Oligo,15747.0,4529.0
4497,18722,4535,L6 IT,18722.0,4535.0
4516,16398,4550,Chandelier,16398.0,4550.0
4517,16522,4551,OPC,16522.0,4551.0
4520,15154,4556,L6B,15154.0,4556.0
4521,15368,4555,SNCG,15368.0,4555.0
4538,16879,4580,L5 IT,16879.0,4580.0
4548,18457,4587,L6 CT,18457.0,4587.0
4552,17928,4591,Oligo,17928.0,4591.0
4557,17668,4594,L6 CT,17668.0,4594.0
4558,18573,4593,L6 CT,18573.0,4593.0
4564,16731,4598,L6 IT Car3,16731.0,4598.0
4572,16024,4607,Micro/PVM,16024.0,4607.0
4574,15140,4611,Oligo,15140.0,4611.0
4596,17371,4629,Astro,17371.0,4629.0
4603,15881,4635,Oligo,15881.0,4635.0
4616,16476,4647,SNCG,16476.0,4647.0
4642,16228,4674,Oligo,16228.0,4674.0
4643,18770,4674,Oligo,18770.0,4674.0
4648,16763,4679,Oligo,16763.0,4679.0
4657,16390,4687,VIP,16390.0,4687.0
4658,18189,4689,Oligo,18189.0,4689.0
4664,16493,4692,Oligo,16493.0,4692.0
4672,17249,4703,Oligo,17249.0,4703.0
4673,15096,4709,Oligo,15096.0,4709.0
4680,16993,4718,Oligo,16993.0,4718.0
4696,18026,4734,Oligo,18026.0,4734.0
4701,16633,4743,Oligo,16633.0,4743.0
4707,17742,4748,Oligo,17742.0,4748.0
4710,16137,4753,Oligo,16137.0,4753.0
4722,15303,4766,OPC,15303.0,4766.0
4727,15254,4770,VIP,15254.0,4770.0
4734,16784,4775,Oligo,16784.0,4775.0
4735,17749,4774,Oligo,17749.0,4774.0
4736,18181,4778,PVALB,18181.0,4778.0
4741,16406,4785,SST,16406.0,4785.0
4748,16376,4791,Micro/PVM,16376.0,4791.0
4754,15607,4795,Oligo,15607.0,4795.0
4758,17053,4801,Oligo,17053.0,4801.0
4763,16564,4807,Oligo,16564.0,4807.0
4764,17809,4808,Oligo,17809.0,4808.0
4805,18219,4859,LAMP5,18219.0,4859.0
4820,17927,4873,Oligo,17927.0,4873.0
4849,17264,4899,OPC,17264.0,4899.0
4850,17319,4899,PVALB,17319.0,4899.0
4868,15939,4923,Oligo,15939.0,4923.0
4877,17763,4937,L6B,17763.0,4937.0
4886,18526,4944,Oligo,18526.0,4944.0
4889,16245,4946,OPC,16245.0,4946.0
4900,16419,4964,VIP,16419.0,4964.0
4908,18353,4970,OPC,18353.0,4970.0
4932,16008,5003,Oligo,16008.0,5003.0
4939,18715,5014,VIP,18715.0,5014.0
4947,18158,5023,OPC,18158.0,5023.0
4950,15485,5022,LAMP5 LHX6,15485.0,5022.0
4964,17549,5038,Oligo,17549.0,5038.0
4967,17957,5041,VIP,17957.0,5041.0
4968,15696,5048,Oligo,15696.0,5048.0
4970,18191,5055,Oligo,18191.0,5055.0
4978,18066,5068,Oligo,18066.0,5068.0
5004,18397,5096,Oligo,18397.0,5096.0
5011,18032,5098,L6 IT,18032.0,5098.0
5015,15183,5101,PVALB,15183.0,5101.0
5016,17514,5101,L6 IT,17514.0,5101.0
5021,17437,5108,Oligo,17437.0,5108.0
5034,16520,5122,Oligo,16520.0,5122.0
5056,15102,5152,L6 IT,15102.0,5152.0
5059,16442,5158,L6 CT,16442.0,5158.0
5064,15035,5164,Chandelier,15035.0,5164.0
5080,16509,5181,L4 IT,16509.0,5181.0
5088,15487,5189,L6 IT,15487.0,5189.0
5105,16165,5205,Oligo,16165.0,5205.0
5120,15992,5222,L2/3 IT,15992.0,5222.0
5121,17790,5222,Oligo,17790.0,5222.0
5123,18085,5223,Astro,18085.0,5223.0
5130,16498,5229,L6 CT,16498.0,5229.0
5131,17883,5229,Oligo,17883.0,5229.0
5136,17192,5237,Oligo,17192.0,5237.0
5138,16530,5238,SST,16530.0,5238.0
5141,18705,5241,Oligo,18705.0,5241.0
5157,17176,5255,Endo,17176.0,5255.0
5158,17935,5256,Oligo,17935.0,5256.0
5160,17883,5257,L6 IT,17883.0,5257.0
5172,17110,5269,Oligo,17110.0,5269.0
5173,17911,5269,VIP,17911.0,5269.0
5187,15295,5285,PVALB,15295.0,5285.0
5197,15738,5295,Micro/PVM,15738.0,5295.0
5202,17661,5300,Oligo,17661.0,5300.0
5206,16060,5305,L6 CT,16060.0,5305.0
5210,18070,5310,Micro/PVM,18070.0,5310.0
5216,16001,5316,VIP,16001.0,5316.0
5221,17272,5319,PVALB,17272.0,5319.0
5231,18671,5328,Oligo,18671.0,5328.0
5245,15232,5346,Oligo,15232.0,5346.0
5254,15398,5358,L6 CT,15398.0,5358.0
5255,15836,5361,L4 IT,15836.0,5361.0
5264,17712,5367,L6 IT,17712.0,5367.0
5273,18789,5377,L6 IT,18789.0,5377.0
5297,15176,5401,Micro/PVM,15176.0,5401.0
5318,18844,5421,Astro,18844.0,5421.0
5323,15802,5431,Oligo,15802.0,5431.0
5337,16694,5444,L6 IT,16694.0,5444.0
5338,16130,5447,Oligo,16130.0,5447.0
5341,15561,5449,Oligo,15561.0,5449.0
5342,15784,5450,VIP,15784.0,5450.0
5349,17193,5454,L6 IT Car3,17193.0,5454.0
5350,17436,5454,Oligo,17436.0,5454.0
5357,17259,5457,VIP,17259.0,5457.0
5370,17291,5471,Micro/PVM,17291.0,5471.0
5376,15263,5480,Astro,15263.0,5480.0
5377,17828,5481,L6 IT,17828.0,5481.0
5393,16029,5503,PVALB,16029.0,5503.0
5394,18983,5503,L6 IT,18983.0,5503.0
5397,16063,5504,OPC,16063.0,5504.0
5412,15335,5513,L6 IT,15335.0,5513.0
5414,15385,5519,L6 IT,15385.0,5519.0
5415,15742,5518,Micro/PVM,15742.0,5518.0
5425,18901,5535,L6 IT Car3,18901.0,5535.0
5428,18216,5538,L6 IT,18216.0,5538.0
5432,18972,5541,L6B,18972.0,5541.0
5440,18623,5548,Oligo,18623.0,5548.0
5449,18935,5561,Oligo,18935.0,5561.0
5452,15185,5563,L6 IT,15185.0,5563.0
5453,15766,5562,L6 IT,15766.0,5562.0
5473,16321,5589,L6 IT Car3,16321.0,5589.0
5476,18323,5593,VIP,18323.0,5593.0
5478,16551,5595,Oligo,16551.0,5595.0
5484,17641,5607,Oligo,17641.0,5607.0
5486,16838,5610,Oligo,16838.0,5610.0
5488,18899,5611,L5 IT,18899.0,5611.0
5490,16937,5614,L5 IT,16937.0,5614.0
5528,18992,5650,PVALB,18992.0,5650.0
5574,18296,5688,L6 IT Car3,18296.0,5688.0
5592,16333,5699,VIP,16333.0,5699.0
5594,16816,5701,L5 IT,16816.0,5701.0
5603,15415,5717,L5/6 NP,15415.0,5717.0
5609,18713,5723,L6 IT Car3,18713.0,5723.0
5624,17279,5737,Oligo,17279.0,5737.0
5640,15376,5764,L6 IT,15376.0,5764.0
5641,16828,5767,SST,16828.0,5767.0
5645,16518,5771,LAMP5 LHX6,16518.0,5771.0
5649,15138,5777,L5 IT,15138.0,5777.0
5654,16313,5778,VIP,16313.0,5778.0
5655,18475,5779,VIP,18475.0,5779.0
5658,16855,5781,L6B,16855.0,5781.0
5660,17670,5784,PVALB,17670.0,5784.0
5701,17758,5817,Oligo,17758.0,5817.0
5707,18432,5826,L5/6 NP,18432.0,5826.0
5717,15239,5836,Oligo,15239.0,5836.0
5718,16146,5836,L6 IT,16146.0,5836.0
5722,17486,5840,Oligo,17486.0,5840.0
5725,17732,5841,L6 IT,17732.0,5841.0
5727,17809,5844,Oligo,17809.0,5844.0
5734,17180,5852,L6 IT Car3,17180.0,5852.0
5738,17151,5855,VLMC,17151.0,5855.0
5752,15330,5870,L5 IT,15330.0,5870.0
5766,17800,5880,Oligo,17800.0,5880.0
5768,16702,5883,Oligo,16702.0,5883.0
5784,17469,5900,Oligo,17469.0,5900.0
5791,15183,5903,L5 IT,15183.0,5903.0
5792,17422,5903,SST,17422.0,5903.0
5794,15760,5907,L5 IT,15760.0,5907.0
5807,17450,5927,LAMP5,17450.0,5927.0
5808,17685,5926,Oligo,17685.0,5926.0
5810,15353,5930,Oligo,15353.0,5930.0
5813,18704,5934,Oligo,18704.0,5934.0
5824,17834,5949,VIP,17834.0,5949.0
5845,16700,5967,VIP,16700.0,5967.0
5861,17501,5978,L6 IT,17501.0,5978.0
5862,18493,5980,L5/6 NP,18493.0,5980.0
5894,17429,6009,SNCG,17429.0,6009.0
5896,16051,6010,Astro,16051.0,6010.0
5899,15886,6012,L5 IT,15886.0,6012.0
5902,16888,6015,L6 CT,16888.0,6015.0
5906,15987,6018,L6 IT,15987.0,6018.0
5910,16100,6023,L6B,16100.0,6023.0
5913,16629,6024,VLMC,16629.0,6024.0
5915,16152,6031,Chandelier,16152.0,6031.0
5926,18779,6040,SNCG,18779.0,6040.0
5931,18748,6051,Oligo,18748.0,6051.0
5937,15644,6052,Oligo,15644.0,6052.0
5953,17941,6057,L6 CT,17941.0,6057.0
5958,17717,6068,L5 IT,17717.0,6068.0
5968,18423,6075,Oligo,18423.0,6075.0
5973,16353,6078,Oligo,16353.0,6078.0
5976,15647,6080,VIP,15647.0,6080.0
5981,15261,6086,Oligo,15261.0,6086.0
5986,16232,6091,L6 CT,16232.0,6091.0
6005,17007,6108,L6 IT,17007.0,6108.0
6008,15241,6111,Oligo,15241.0,6111.0
6016,16953,6120,Oligo,16953.0,6120.0
6021,18908,6125,L6 IT,18908.0,6125.0
6028,16359,6133,L6B,16359.0,6133.0
6030,15212,6135,L5 IT,15212.0,6135.0
6031,16980,6137,Oligo,16980.0,6137.0
6032,17328,6142,L5 IT,17328.0,6142.0
6044,16527,6147,L6B,16527.0,6147.0
6047,17298,6150,SST,17298.0,6150.0
6058,17317,6170,L6 IT,17317.0,6170.0
6059,17381,6170,Oligo,17381.0,6170.0
6062,17349,6171,Chandelier,17349.0,6171.0
6073,15041,6183,L6 IT,15041.0,6183.0
6084,17127,6192,L6 CT,17127.0,6192.0
6090,15204,6196,L6B,15204.0,6196.0
6100,18892,6200,L5 ET,18892.0,6200.0
6110,17898,6212,L6B,17898.0,6212.0
6111,17933,6209,Micro/PVM,17933.0,6209.0
6115,15123,6215,L4 IT,15123.0,6215.0
6140,15572,6243,Micro/PVM,15572.0,6243.0
6147,16769,6250,Oligo,16769.0,6250.0
6172,17499,6273,PVALB,17499.0,6273.0
6174,15323,6274,Micro/PVM,15323.0,6274.0
6178,18538,6280,Astro,18538.0,6280.0
6187,17573,6284,Oligo,17573.0,6284.0
6189,17473,6287,Micro/PVM,17473.0,6287.0
6193,18964,6290,L4 IT,18964.0,6290.0
6207,16625,6301,L6B,16625.0,6301.0
6217,18843,6307,L5 IT,18843.0,6307.0
6218,18583,6307,Oligo,18583.0,6307.0
6230,18879,6317,Astro,18879.0,6317.0
6243,16620,6329,L5 IT,16620.0,6329.0
6247,16825,6331,L2/3 IT,16825.0,6331.0
6278,17709,6352,Oligo,17709.0,6352.0
6303,16216,6373,PVALB,16216.0,6373.0
6306,18881,6374,L5 IT,18881.0,6374.0
6311,17723,6378,L2/3 IT,17723.0,6378.0
6319,18345,6380,L5 ET,18345.0,6380.0
6331,15722,6386,L6 CT,15722.0,6386.0
6341,16888,6396,L5 IT,16888.0,6396.0
6343,18390,6402,Oligo,18390.0,6402.0
6345,16851,6406,Oligo,16851.0,6406.0
6355,18350,6412,L4 IT,18350.0,6412.0
6388,18911,6441,Micro/PVM,18911.0,6441.0
6397,16647,6447,PVALB,16647.0,6447.0
6405,15825,6455,L6 IT,15825.0,6455.0
6411,15444,6463,PVALB,15444.0,6463.0
6431,15244,6476,L6 IT Car3,15244.0,6476.0
6437,17432,6478,Chandelier,17432.0,6478.0
6438,18365,6482,Oligo,18365.0,6482.0
6445,15140,6487,L4 IT,15140.0,6487.0
6452,17748,6495,OPC,17748.0,6495.0
6464,16759,6505,Oligo,16759.0,6505.0
6470,18468,6513,Oligo,18468.0,6513.0
6474,15852,6516,L6 IT Car3,15852.0,6516.0
6475,18123,6515,L6 IT Car3,18123.0,6515.0
6480,16866,6524,L5 IT,16866.0,6524.0
6494,17488,6540,Oligo,17488.0,6540.0
6501,16136,6545,Oligo,16136.0,6545.0
6502,15292,6547,L6B,15292.0,6547.0
6503,17230,6547,Astro,17230.0,6547.0
6504,18334,6547,L6B,18334.0,6547.0
6513,15786,6554,L5 IT,15786.0,6554.0
6515,18736,6559,Oligo,18736.0,6559.0
6523,17909,6565,VIP,17909.0,6565.0
6536,17411,6571,PVALB,17411.0,6571.0
6537,15265,6571,Oligo,15265.0,6571.0
6546,17465,6580,L4 IT,17465.0,6580.0
6548,17180,6581,Oligo,17180.0,6581.0
6549,18964,6582,SST CHODL,18964.0,6582.0
6553,15605,6588,Astro,15605.0,6588.0
6559,16345,6598,L6 IT Car3,16345.0,6598.0
6569,17430,6604,Oligo,17430.0,6604.0
6597,17448,6621,Oligo,17448.0,6621.0
6598,16150,6623,PVALB,16150.0,6623.0
6614,18630,6636,L6B,18630.0,6636.0
6619,18671,6641,PVALB,18671.0,6641.0
6623,15029,6644,L5 IT,15029.0,6644.0
6627,16645,6647,OPC,16645.0,6647.0
6633,16286,6649,Oligo,16286.0,6649.0
6634,16612,6649,SST,16612.0,6649.0
6636,17844,6652,L5 IT,17844.0,6652.0
6643,15512,6657,VIP,15512.0,6657.0
6652,17433,6666,OPC,17433.0,6666.0
6670,18865,6679,L6 CT,18865.0,6679.0
6684,17393,6686,L2/3 IT,17393.0,6686.0
6692,15593,6692,L6 IT,15593.0,6692.0
6708,18960,6710,Micro/PVM,18960.0,6710.0
6732,17358,6728,Astro,17358.0,6728.0
6740,16969,6738,Oligo,16969.0,6738.0
6750,18077,6748,L6 IT,18077.0,6748.0
6759,18480,6753,Oligo,18480.0,6753.0
6769,18203,6761,Oligo,18203.0,6761.0
6782,17368,6768,PVALB,17368.0,6768.0
6785,18173,6770,Oligo,18173.0,6770.0
6786,18445,6769,L6 CT,18445.0,6769.0
6788,18582,6771,SST,18582.0,6771.0
6794,17513,6780,L6 CT,17513.0,6780.0
6795,15021,6780,L5 IT,15021.0,6780.0
6808,17866,6786,L6 IT Car3,17866.0,6786.0
6819,17486,6790,L5/6 NP,17486.0,6790.0
6833,17897,6797,L6 IT,17897.0,6797.0
6843,17039,6809,L6 IT Car3,17039.0,6809.0
6844,17849,6808,L6 IT,17849.0,6808.0
6849,15565,6814,L6B,15565.0,6814.0
6864,17444,6830,L6 CT,17444.0,6830.0
6872,18689,6841,Chandelier,18689.0,6841.0
6892,18230,6852,Astro,18230.0,6852.0
6910,15088,6865,SNCG,15088.0,6865.0
6913,18250,6867,L6 CT,18250.0,6867.0
6925,18747,6874,L6 CT,18747.0,6874.0
6932,17957,6881,Micro/PVM,17957.0,6881.0
6943,17019,6893,L4 IT,17019.0,6893.0
6976,17107,6921,L6 IT Car3,17107.0,6921.0
6983,18822,6924,L6B,18822.0,6924.0
6987,17307,6927,L4 IT,17307.0,6927.0
6993,15311,6932,Oligo,15311.0,6932.0
6995,17480,6933,PVALB,17480.0,6933.0
6998,16876,6935,L6 IT Car3,16876.0,6935.0
7004,15678,6939,Endo,15678.0,6939.0
7008,16969,6941,L6B,16969.0,6941.0
7012,18839,6941,Oligo,18839.0,6941.0
7015,16942,6945,Oligo,16942.0,6945.0
7020,15742,6946,OPC,15742.0,6946.0
7043,16554,6961,L6 IT Car3,16554.0,6961.0
7044,16842,6957,VLMC,16842.0,6957.0
7060,17234,6975,Oligo,17234.0,6975.0
7070,18115,6980,L5 IT,18115.0,6980.0
7078,17012,6990,L5 IT,17012.0,6990.0
7082,15004,6994,L5 IT,15004.0,6994.0
7092,16614,7003,L5 IT,16614.0,7003.0
7096,15772,7004,Oligo,15772.0,7004.0
7110,15741,7016,L2/3 IT,15741.0,7016.0
7125,16265,7024,L5 IT,16265.0,7024.0
7126,18579,7023,L5 ET,18579.0,7023.0
7142,16738,7031,Oligo,16738.0,7031.0
7145,17114,7036,L4 IT,17114.0,7036.0
7148,16716,7039,Oligo,16716.0,7039.0
7150,15776,7040,L5 ET,15776.0,7040.0
7159,15724,7044,L5 IT,15724.0,7044.0
7160,17487,7045,L6 IT Car3,17487.0,7045.0
7195,16090,7069,Oligo,16090.0,7069.0
7196,18770,7070,L5 IT,18770.0,7070.0
7199,18418,7072,L6 IT,18418.0,7072.0
7202,16647,7075,Oligo,16647.0,7075.0
7213,15082,7081,OPC,15082.0,7081.0
7236,15047,7099,L6 IT,15047.0,7099.0
7237,16596,7099,L2/3 IT,16596.0,7099.0
7239,16530,7102,L5 IT,16530.0,7102.0
7240,18278,7101,Micro/PVM,18278.0,7101.0
7258,16839,7113,OPC,16839.0,7113.0
7263,15871,7116,Micro/PVM,15871.0,7116.0
7264,17471,7113,L5 IT,17471.0,7113.0
7268,16581,7119,L5 IT,16581.0,7119.0
7270,15511,7122,L5/6 NP,15511.0,7122.0
7298,18097,7139,Oligo,18097.0,7139.0
7301,15108,7143,Oligo,15108.0,7143.0
7302,18245,7146,L4 IT,18245.0,7146.0
7303,18724,7145,Micro/PVM,18724.0,7145.0
7308,15536,7150,Oligo,15536.0,7150.0
7312,15211,7152,PVALB,15211.0,7152.0
7314,18121,7156,L4 IT,18121.0,7156.0
7318,17005,7156,L5 IT,17005.0,7156.0
7326,15121,7161,PVALB,15121.0,7161.0
7332,16222,7166,SST,16222.0,7166.0
7340,17458,7172,L6 IT Car3,17458.0,7172.0
7342,16994,7173,L6 IT Car3,16994.0,7173.0
7343,17491,7174,Oligo,17491.0,7174.0
7345,18354,7176,PVALB,18354.0,7176.0
7353,15950,7179,Chandelier,15950.0,7179.0
7368,18975,7190,L5 IT,18975.0,7190.0
7372,18591,7192,L5 IT,18591.0,7192.0
7384,16223,7197,Micro/PVM,16223.0,7197.0
7393,15109,7204,L5 IT,15109.0,7204.0
7394,18358,7205,LAMP5 LHX6,18358.0,7205.0
7420,18540,7219,L5/6 NP,18540.0,7219.0
7427,17665,7223,OPC,17665.0,7223.0
7448,15944,7237,Oligo,15944.0,7237.0
7459,15539,7243,Oligo,15539.0,7243.0
7482,15704,7259,Oligo,15704.0,7259.0
7491,15884,7265,L5 IT,15884.0,7265.0
7497,15964,7270,L6 IT,15964.0,7270.0
7512,15581,7282,L6 IT Car3,15581.0,7282.0
7533,15808,7294,L5 IT,15808.0,7294.0
7560,16969,7309,LAMP5 LHX6,16969.0,7309.0
7571,17593,7315,Oligo,17593.0,7315.0
7586,15984,7332,Oligo,15984.0,7332.0
7589,17912,7327,L5 IT,17912.0,7327.0
7595,16661,7328,Oligo,16661.0,7328.0
7598,16955,7331,L5 IT,16955.0,7331.0
7614,16631,7339,Oligo,16631.0,7339.0
7620,17306,7345,L4 IT,17306.0,7345.0
7621,18762,7343,L2/3 IT,18762.0,7343.0
7638,16559,7354,L6 IT Car3,16559.0,7354.0
7639,18024,7355,PVALB,18024.0,7355.0
7650,16068,7361,L5 IT,16068.0,7361.0
7652,16695,7363,L4 IT,16695.0,7363.0
7657,17322,7363,L5 IT,17322.0,7363.0
7669,16238,7370,Oligo,16238.0,7370.0
7670,15460,7373,L6 IT Car3,15460.0,7373.0
7677,17670,7379,L6 IT,17670.0,7379.0
7679,16177,7380,L4 IT,16177.0,7380.0
7682,16216,7383,Oligo,16216.0,7383.0
7686,16051,7388,OPC,16051.0,7388.0
7699,15183,7393,Oligo,15183.0,7393.0
7700,17027,7395,Oligo,17027.0,7395.0
7704,15412,7397,L4 IT,15412.0,7397.0
7705,17060,7396,L5 IT,17060.0,7396.0
7722,15469,7404,Micro/PVM,15469.0,7404.0
7735,15162,7411,OPC,15162.0,7411.0
7772,15651,7437,SST,15651.0,7437.0
7776,15972,7444,Oligo,15972.0,7444.0
7788,18414,7451,L4 IT,18414.0,7451.0
7807,18739,7459,L5/6 NP,18739.0,7459.0
7835,18003,7475,Oligo,18003.0,7475.0
7848,17362,7482,L4 IT,17362.0,7482.0
7849,18430,7481,PVALB,18430.0,7481.0
7853,16610,7484,L6 IT Car3,16610.0,7484.0
7873,15254,7497,Oligo,15254.0,7497.0
7874,18558,7499,Oligo,18558.0,7499.0
7891,18158,7510,PVALB,18158.0,7510.0
7894,18041,7511,Micro/PVM,18041.0,7511.0
7906,18233,7516,VIP,18233.0,7516.0
7926,16926,7527,Oligo,16926.0,7527.0
7931,17337,7531,Micro/PVM,17337.0,7531.0
7944,18801,7539,L6 IT Car3,18801.0,7539.0
7953,16722,7543,PVALB,16722.0,7543.0
7964,15257,7549,L4 IT,15257.0,7549.0
7975,15160,7558,Oligo,15160.0,7558.0
7979,16097,7562,Oligo,16097.0,7562.0
7989,18805,7573,LAMP5 LHX6,18805.0,7573.0
7995,17271,7574,L5 IT,17271.0,7574.0
8014,15865,7584,Oligo,15865.0,7584.0
8017,18198,7584,SST,18198.0,7584.0
8028,15894,7590,Oligo,15894.0,7590.0
8032,16610,7592,L5 IT,16610.0,7592.0
8046,17398,7600,L5/6 NP,17398.0,7600.0
8052,15575,7607,OPC,15575.0,7607.0
8059,17375,7610,L5 IT,17375.0,7610.0
8065,17327,7614,Oligo,17327.0,7614.0
8069,17574,7617,Oligo,17574.0,7617.0
8070,15031,7619,Micro/PVM,15031.0,7619.0
8073,17299,7620,Oligo,17299.0,7620.0
8074,18481,7621,Oligo,18481.0,7621.0
8094,15065,7636,OPC,15065.0,7636.0
8095,18517,7636,L4 IT,18517.0,7636.0
8099,15251,7637,Oligo,15251.0,7637.0
8110,16484,7644,SST CHODL,16484.0,7644.0
8111,18943,7644,VIP,18943.0,7644.0
8112,15777,7647,Micro/PVM,15777.0,7647.0
8148,18618,7678,L5 IT,18618.0,7678.0
8149,18793,7678,Oligo,18793.0,7678.0
8160,17691,7683,L5 IT,17691.0,7683.0
8165,15767,7686,PVALB,15767.0,7686.0
8175,18014,7693,OPC,18014.0,7693.0
8183,17741,7699,PVALB,17741.0,7699.0
8193,16395,7708,Oligo,16395.0,7708.0
8201,18779,7715,L6 IT Car3,18779.0,7715.0
8217,18848,7724,L4 IT,18848.0,7724.0
8233,15300,7738,PVALB,15300.0,7738.0
8258,15374,7757,L5 IT,15374.0,7757.0
8265,16625,7762,Chandelier,16625.0,7762.0
8269,18649,7768,PVALB,18649.0,7768.0
8279,16964,7776,L6 IT,16964.0,7776.0
8284,18838,7778,L4 IT,18838.0,7778.0
8285,16111,7780,Oligo,16111.0,7780.0
8286,17765,7781,Oligo,17765.0,7781.0
8303,16503,7790,L5 IT,16503.0,7790.0
8304,18785,7789,Oligo,18785.0,7789.0
8316,16618,7799,Oligo,16618.0,7799.0
8321,17779,7801,L4 IT,17779.0,7801.0
8323,16289,7804,L5 IT,16289.0,7804.0
8330,16899,7809,Astro,16899.0,7809.0
8332,17364,7811,L6 IT,17364.0,7811.0
8334,15181,7814,Astro,15181.0,7814.0
8341,16365,7817,L4 IT,16365.0,7817.0
8344,18017,7820,SST,18017.0,7820.0
8346,16594,7822,L5 IT,16594.0,7822.0
8347,16710,7822,VIP,16710.0,7822.0
8350,18516,7824,L5 IT,18516.0,7824.0
8351,18748,7822,PVALB,18748.0,7822.0
8357,17905,7828,Oligo,17905.0,7828.0
8358,18421,7825,Oligo,18421.0,7825.0
8368,18899,7835,Oligo,18899.0,7835.0
8377,18701,7842,PVALB,18701.0,7842.0
8386,15038,7848,Chandelier,15038.0,7848.0
8388,16093,7852,Oligo,16093.0,7852.0
8389,16760,7851,L4 IT,16760.0,7851.0
8392,17489,7855,L4 IT,17489.0,7855.0
8395,18235,7856,L5 IT,18235.0,7856.0
8403,18919,7862,L6 IT,18919.0,7862.0
8405,17423,7864,L5/6 NP,17423.0,7864.0
8421,16788,7875,VIP,16788.0,7875.0
8438,15715,7891,Oligo,15715.0,7891.0
8440,17132,7892,L6 IT Car3,17132.0,7892.0
8446,17309,7898,L4 IT,17309.0,7898.0
8465,15327,7909,Oligo,15327.0,7909.0
8477,15741,7915,L6 IT,15741.0,7915.0
8480,18407,7917,VIP,18407.0,7917.0
8482,15975,7918,SST,15975.0,7918.0
8483,17134,7918,PVALB,17134.0,7918.0
8487,17031,7920,VIP,17031.0,7920.0
8502,16539,7931,Chandelier,16539.0,7931.0
8515,15888,7940,VIP,15888.0,7940.0
8526,17479,7944,Astro,17479.0,7944.0
8534,16640,7950,L4 IT,16640.0,7950.0
8538,18230,7954,PVALB,18230.0,7954.0
8545,16388,7958,Oligo,16388.0,7958.0
8548,15382,7956,OPC,15382.0,7956.0
8557,17123,7965,L4 IT,17123.0,7965.0
8567,15369,7976,L6 IT Car3,15369.0,7976.0
8574,18739,7979,L4 IT,18739.0,7979.0
8592,17586,7997,SST,17586.0,7997.0
8603,15862,8000,L5/6 NP,15862.0,8000.0
8604,18286,7999,SST,18286.0,7999.0
8610,15517,8002,SST,15517.0,8002.0
8611,16901,8001,L6 IT,16901.0,8001.0
8635,18507,8014,L5 IT,18507.0,8014.0
8641,18954,8015,L5 IT,18954.0,8015.0
8642,16718,8019,L4 IT,16718.0,8019.0
8664,18977,8040,L6B,18977.0,8040.0
8677,17659,8041,Micro/PVM,17659.0,8041.0
8683,17986,8042,Oligo,17986.0,8042.0
8696,15893,8052,L6 IT,15893.0,8052.0
8697,17190,8050,L5 IT,17190.0,8050.0
8702,16010,8053,L2/3 IT,16010.0,8053.0
8723,17157,8060,SST,17157.0,8060.0
8724,17275,8061,L6 IT,17275.0,8061.0
8728,18566,8063,L6B,18566.0,8063.0
8740,17241,8071,Oligo,17241.0,8071.0
8756,18130,8081,PVALB,18130.0,8081.0
8760,15475,8083,Micro/PVM,15475.0,8083.0
8764,18170,8087,Micro/PVM,18170.0,8087.0
8773,16521,8091,L4 IT,16521.0,8091.0
8774,18037,8092,L5/6 NP,18037.0,8092.0
8785,15588,8097,L5 IT,15588.0,8097.0
8794,17258,8103,L5 IT,17258.0,8103.0
8802,18576,8107,L4 IT,18576.0,8107.0
8813,18320,8114,L5 IT,18320.0,8114.0
8819,16866,8119,PVALB,16866.0,8119.0
8820,17587,8119,L4 IT,17587.0,8119.0
8822,16632,8121,L6 CT,16632.0,8121.0
8835,18638,8134,SST,18638.0,8134.0
8839,18185,8138,L5 IT,18185.0,8138.0
8840,18287,8137,L6 CT,18287.0,8137.0
8855,17222,8151,L4 IT,17222.0,8151.0
8868,18869,8160,SNCG,18869.0,8160.0
8880,18298,8170,SST CHODL,18298.0,8170.0
8883,18242,8173,L6 IT Car3,18242.0,8173.0
8884,18892,8174,Oligo,18892.0,8174.0
8894,16548,8179,L5/6 NP,16548.0,8179.0
8895,16612,8179,L4 IT,16612.0,8179.0
8907,17925,8184,L6 IT,17925.0,8184.0
8921,18419,8195,L4 IT,18419.0,8195.0
8925,17118,8200,OPC,17118.0,8200.0
8930,16870,8201,Oligo,16870.0,8201.0
8933,18242,8205,LAMP5,18242.0,8205.0
8938,17969,8206,L5 IT,17969.0,8206.0
8942,18982,8209,Oligo,18982.0,8209.0
8949,18595,8213,Oligo,18595.0,8213.0
8951,17617,8215,SST,17617.0,8215.0
8973,15761,8231,L4 IT,15761.0,8231.0
8991,15328,8243,Micro/PVM,15328.0,8243.0
8994,15972,8244,LAMP5 LHX6,15972.0,8244.0
8998,17334,8248,L5 IT,17334.0,8248.0
9001,16148,8249,L5 IT,16148.0,8249.0
9002,16291,8252,Micro/PVM,16291.0,8252.0
9003,18067,8252,L4 IT,18067.0,8252.0
9015,17501,8265,LAMP5,17501.0,8265.0
9018,18208,8269,L4 IT,18208.0,8269.0
9019,18294,8268,L4 IT,18294.0,8268.0
9025,16094,8267,Chandelier,16094.0,8267.0
9030,17568,8271,L4 IT,17568.0,8271.0
9031,18654,8271,L4 IT,18654.0,8271.0
9038,15268,8281,VIP,15268.0,8281.0
9042,15240,8282,OPC,15240.0,8282.0
9044,18575,8284,L4 IT,18575.0,8284.0
9063,15339,8295,VIP,15339.0,8295.0
9064,18760,8302,VIP,18760.0,8302.0
9069,18286,8301,L5 IT,18286.0,8301.0
9080,18790,8310,OPC,18790.0,8310.0
9099,15441,8324,L4 IT,15441.0,8324.0
9100,15590,8329,Chandelier,15590.0,8329.0
9109,18616,8328,LAMP5 LHX6,18616.0,8328.0
9117,18183,8331,Micro/PVM,18183.0,8331.0
9119,15464,8333,L4 IT,15464.0,8333.0
9120,15563,8333,L6 IT Car3,15563.0,8333.0
9144,17746,8350,L2/3 IT,17746.0,8350.0
9149,16851,8353,PVALB,16851.0,8353.0
9157,15149,8357,Oligo,15149.0,8357.0
9158,15573,8359,L4 IT,15573.0,8359.0
9159,18812,8358,Oligo,18812.0,8358.0
9163,17630,8360,L6 CT,17630.0,8360.0
9169,15912,8362,PVALB,15912.0,8362.0
9170,16237,8363,L6 IT Car3,16237.0,8363.0
9176,18128,8368,SST,18128.0,8368.0
9186,15398,8372,L6B,15398.0,8372.0
9192,16114,8379,Astro,16114.0,8379.0
9193,18329,8379,L5 IT,18329.0,8379.0
9194,18442,8379,L4 IT,18442.0,8379.0
9200,17610,8384,L4 IT,17610.0,8384.0
9209,17194,8388,L6B,17194.0,8388.0
9215,15022,8394,L4 IT,15022.0,8394.0
9218,18764,8395,L4 IT,18764.0,8395.0
9221,18557,8397,L4 IT,18557.0,8397.0
9233,15149,8406,L2/3 IT,15149.0,8406.0
9235,18214,8408,L4 IT,18214.0,8408.0
9237,15853,8410,SST,15853.0,8410.0
9238,17627,8409,L2/3 IT,17627.0,8409.0
9248,15361,8415,L6 IT Car3,15361.0,8415.0
9254,15217,8421,L6 IT Car3,15217.0,8421.0
9267,16635,8428,Astro,16635.0,8428.0
9268,16882,8428,L4 IT,16882.0,8428.0
9277,16913,8433,L6 CT,16913.0,8433.0
9278,17625,8433,L4 IT,17625.0,8433.0
9283,15232,8439,L5 IT,15232.0,8439.0
9288,15855,8440,OPC,15855.0,8440.0
9291,15109,8444,Chandelier,15109.0,8444.0
9292,17403,8447,Oligo,17403.0,8447.0
9293,17798,8446,PVALB,17798.0,8446.0
9308,17588,8455,L6B,17588.0,8455.0
9312,15406,8459,L4 IT,15406.0,8459.0
9313,18104,8459,L4 IT,18104.0,8459.0
9319,16154,8464,L4 IT,16154.0,8464.0
9322,18211,8466,OPC,18211.0,8466.0
9336,18392,8475,L4 IT,18392.0,8475.0
9342,15920,8477,L2/3 IT,15920.0,8477.0
9344,16636,8479,L4 IT,16636.0,8479.0
9345,16996,8479,Astro,16996.0,8479.0
9350,18223,8483,L5/6 NP,18223.0,8483.0
9352,15345,8483,L6 IT Car3,15345.0,8483.0
9355,18312,8486,Oligo,18312.0,8486.0
9358,15716,8488,L5 IT,15716.0,8488.0
9363,15612,8490,Chandelier,15612.0,8490.0
9365,18421,8492,SST,18421.0,8492.0
9376,15398,8497,L6 IT Car3,15398.0,8497.0
9378,18380,8498,Micro/PVM,18380.0,8498.0
9379,18494,8498,L4 IT,18494.0,8498.0
9385,17584,8503,VIP,17584.0,8503.0
9397,18978,8510,OPC,18978.0,8510.0
9399,16270,8512,L6 IT,16270.0,8512.0
9403,15773,8515,L4 IT,15773.0,8515.0
9412,16830,8520,L4 IT,16830.0,8520.0
9416,15809,8522,L5 IT,15809.0,8522.0
9417,18757,8522,Oligo,18757.0,8522.0
9429,15877,8531,L4 IT,15877.0,8531.0
9456,15910,8547,L4 IT,15910.0,8547.0
9472,16801,8556,L4 IT,16801.0,8556.0
9485,15998,8565,L5 IT,15998.0,8565.0
9488,18094,8567,L5 IT,18094.0,8567.0
9492,15806,8570,LAMP5,15806.0,8570.0
9494,15721,8571,L5 IT,15721.0,8571.0
9497,18571,8574,Endo,18571.0,8574.0
9505,16854,8576,L5 IT,16854.0,8576.0
9508,17759,8579,L5/6 NP,17759.0,8579.0
9516,17190,8578,Oligo,17190.0,8578.0
9523,18761,8587,Oligo,18761.0,8587.0
9525,15351,8589,L4 IT,15351.0,8589.0
9536,15208,8598,Oligo,15208.0,8598.0
9548,15731,8606,Astro,15731.0,8606.0
9552,16863,8606,L5 IT,16863.0,8606.0
9557,18489,8608,SNCG,18489.0,8608.0
9564,15104,8612,PVALB,15104.0,8612.0
9572,15398,8617,Oligo,15398.0,8617.0
9577,17682,8620,L2/3 IT,17682.0,8620.0
9581,15901,8624,L4 IT,15901.0,8624.0
9585,15811,8629,VIP,15811.0,8629.0
9586,18950,8630,L2/3 IT,18950.0,8630.0
9589,17631,8628,SST,17631.0,8628.0
9604,18802,8642,PVALB,18802.0,8642.0
9612,18271,8646,VIP,18271.0,8646.0
9614,16778,8648,Chandelier,16778.0,8648.0
9615,17504,8648,L5/6 NP,17504.0,8648.0
9630,18762,8656,PVALB,18762.0,8656.0
9640,15548,8657,Oligo,15548.0,8657.0
9644,16862,8663,L4 IT,16862.0,8663.0
9649,18535,8666,L2/3 IT,18535.0,8666.0
9658,17725,8670,L2/3 IT,17725.0,8670.0
9665,18128,8674,L4 IT,18128.0,8674.0
9668,16763,8673,L4 IT,16763.0,8673.0
9685,18178,8685,LAMP5 LHX6,18178.0,8685.0
9689,16629,8687,Chandelier,16629.0,8687.0
9690,18971,8686,L4 IT,18971.0,8686.0
9703,15491,8693,L6 CT,15491.0,8693.0
9715,18008,8699,LAMP5 LHX6,18008.0,8699.0
9733,16169,8708,L4 IT,16169.0,8708.0
9735,15751,8708,Chandelier,15751.0,8708.0
9736,18506,8709,VIP,18506.0,8709.0
9744,18468,8712,L4 IT,18468.0,8712.0
9747,16481,8714,OPC,16481.0,8714.0
9752,18073,8718,Oligo,18073.0,8718.0
9768,18949,8730,VIP,18949.0,8730.0
9784,18086,8736,L6 CT,18086.0,8736.0
9788,15954,8740,L5 IT,15954.0,8740.0
9804,16872,8746,L4 IT,16872.0,8746.0
9814,16213,8750,L4 IT,16213.0,8750.0
9815,18720,8750,L2/3 IT,18720.0,8750.0
9825,15791,8755,L2/3 IT,15791.0,8755.0
9829,17299,8758,Oligo,17299.0,8758.0
9834,16160,8764,L6 IT Car3,16160.0,8764.0
9841,18115,8765,L2/3 IT,18115.0,8765.0
9852,18444,8769,SST,18444.0,8769.0
9856,17204,8773,PVALB,17204.0,8773.0
9862,15976,8776,L4 IT,15976.0,8776.0
9867,16772,8779,L6 CT,16772.0,8779.0
9884,15570,8786,VIP,15570.0,8786.0
9899,17524,8794,L4 IT,17524.0,8794.0
9923,16045,8805,L4 IT,16045.0,8805.0
9927,16236,8805,L4 IT,16236.0,8805.0
9932,18992,8808,L6 IT,18992.0,8808.0
9937,15727,8809,SST,15727.0,8809.0
9945,18726,8812,Oligo,18726.0,8812.0
9955,18223,8816,Oligo,18223.0,8816.0
9975,17811,8830,Micro/PVM,17811.0,8830.0
9977,18736,8832,L5 IT,18736.0,8832.0
9985,16028,8835,L5 IT,16028.0,8835.0
9992,15993,8836,L5 IT,15993.0,8836.0
9993,16789,8838,Micro/PVM,16789.0,8838.0
10003,18516,8842,L4 IT,18516.0,8842.0
10019,16211,8853,L4 IT,16211.0,8853.0
10020,17744,8853,L6B,17744.0,8853.0
10034,16008,8860,Oligo,16008.0,8860.0
10041,15298,8862,L6 CT,15298.0,8862.0
10042,18578,8863,Astro,18578.0,8863.0
10046,16285,8867,Micro/PVM,16285.0,8867.0
10054,17233,8871,L4 IT,17233.0,8871.0
10062,15082,8875,Astro,15082.0,8875.0
10066,16753,8880,PVALB,16753.0,8880.0
10085,18551,8890,L6 IT Car3,18551.0,8890.0
10092,15667,8893,Oligo,15667.0,8893.0
10093,16201,8892,L4 IT,16201.0,8892.0
10122,15241,8908,SNCG,15241.0,8908.0
10123,16287,8906,L2/3 IT,16287.0,8906.0
10131,19000,8911,L5/6 NP,19000.0,8911.0
10137,18525,8916,VIP,18525.0,8916.0
10154,18701,8923,Chandelier,18701.0,8923.0
10158,16460,8924,Astro,16460.0,8924.0
10173,18279,8931,L4 IT,18279.0,8931.0
10198,15256,8942,VIP,15256.0,8942.0
10199,15705,8943,OPC,15705.0,8943.0
10208,15188,8950,L5/6 NP,15188.0,8950.0
10209,18555,8949,L6B,18555.0,8949.0
10225,15670,8957,L6 CT,15670.0,8957.0
10226,16192,8956,VIP,16192.0,8956.0
10227,18135,8957,OPC,18135.0,8957.0
10231,15620,8958,Micro/PVM,15620.0,8958.0
10240,16912,8961,Micro/PVM,16912.0,8961.0
10247,17041,8966,L4 IT,17041.0,8966.0
10261,18900,8974,PVALB,18900.0,8974.0
10268,15202,8980,L4 IT,15202.0,8980.0
10273,17135,8985,L2/3 IT,17135.0,8985.0
10281,18199,8989,L6 CT,18199.0,8989.0
10292,15521,8995,L2/3 IT,15521.0,8995.0
10293,18914,8995,L6 IT Car3,18914.0,8995.0
10297,17039,8998,VIP,17039.0,8998.0
10317,18220,9008,L4 IT,18220.0,9008.0
10336,16400,9019,OPC,16400.0,9019.0
10337,17297,9020,SST CHODL,17297.0,9020.0
10340,18575,9022,SNCG,18575.0,9022.0
10357,16448,9031,Oligo,16448.0,9031.0
10381,18448,9049,PVALB,18448.0,9049.0
10386,17961,9051,Oligo,17961.0,9051.0
10387,18180,9049,PVALB,18180.0,9049.0
10392,17005,9052,L4 IT,17005.0,9052.0
10394,15535,9058,L4 IT,15535.0,9058.0
10396,15038,9060,L6 CT,15038.0,9060.0
10397,16252,9060,L6 IT Car3,16252.0,9060.0
10411,17990,9066,Astro,17990.0,9066.0
10412,18380,9066,PVALB,18380.0,9066.0
10444,15446,9084,PVALB,15446.0,9084.0
10449,17635,9088,L5 IT,17635.0,9088.0
10450,18212,9087,VIP,18212.0,9087.0
10459,15586,9092,Oligo,15586.0,9092.0
10463,18134,9096,L4 IT,18134.0,9096.0
10481,17611,9103,Oligo,17611.0,9103.0
10499,16329,9112,LAMP5,16329.0,9112.0
10511,17850,9116,VIP,17850.0,9116.0
10521,17290,9126,L6B,17290.0,9126.0
10561,15549,9154,VIP,15549.0,9154.0
10566,17831,9159,VIP,17831.0,9159.0
10567,18832,9159,Micro/PVM,18832.0,9159.0
10570,18722,9161,SST,18722.0,9161.0
10581,18362,9168,L6 IT Car3,18362.0,9168.0
10589,18971,9169,VIP,18971.0,9169.0
10593,16759,9172,L5/6 NP,16759.0,9172.0
10594,17267,9172,Oligo,17267.0,9172.0
10600,16369,9174,L2/3 IT,16369.0,9174.0
10605,17030,9177,SST,17030.0,9177.0
10635,15541,9196,L2/3 IT,15541.0,9196.0
10658,16787,9209,OPC,16787.0,9209.0
10664,17278,9209,L2/3 IT,17278.0,9209.0
10686,18899,9226,L5 IT,18899.0,9226.0
10690,18650,9229,Oligo,18650.0,9229.0
10701,17601,9237,Astro,17601.0,9237.0
10712,17817,9246,L4 IT,17817.0,9246.0
10727,15212,9257,L6 IT,15212.0,9257.0
10728,16672,9253,SST,16672.0,9253.0
10736,17307,9260,VLMC,17307.0,9260.0
10737,17346,9259,SST,17346.0,9259.0
10757,17442,9271,L4 IT,17442.0,9271.0
10759,17043,9272,SNCG,17043.0,9272.0
10760,18184,9271,L2/3 IT,18184.0,9271.0
10764,17782,9275,L6 IT,17782.0,9275.0
10775,16751,9280,L2/3 IT,16751.0,9280.0
10777,18625,9281,OPC,18625.0,9281.0
10824,15494,9305,L2/3 IT,15494.0,9305.0
10825,16463,9305,L4 IT,16463.0,9305.0
10828,18954,9311,OPC,18954.0,9311.0
10841,17308,9316,Micro/PVM,17308.0,9316.0
10844,18833,9323,LAMP5,18833.0,9323.0
10850,17791,9323,L2/3 IT,17791.0,9323.0
10867,16282,9336,L5 IT,16282.0,9336.0
10880,16764,9346,LAMP5,16764.0,9346.0
10883,15500,9353,L2/3 IT,15500.0,9353.0
10893,16189,9358,VIP,16189.0,9358.0
10902,17873,9367,PVALB,17873.0,9367.0
10908,17257,9372,L4 IT,17257.0,9372.0
10911,17579,9372,L6 CT,17579.0,9372.0
10927,18683,9380,Micro/PVM,18683.0,9380.0
10928,16451,9381,L2/3 IT,16451.0,9381.0
10954,16289,9402,L2/3 IT,16289.0,9402.0
10960,16014,9409,Oligo,16014.0,9409.0
10965,17212,9410,LAMP5,17212.0,9410.0
10980,16267,9419,Oligo,16267.0,9419.0
10992,18753,9426,L4 IT,18753.0,9426.0
10997,18780,9427,SST,18780.0,9427.0
11011,16304,9436,Oligo,16304.0,9436.0
11032,15663,9450,L6 CT,15663.0,9450.0
11034,17077,9450,L4 IT,17077.0,9450.0
11035,18004,9452,L5 IT,18004.0,9452.0
11044,17273,9465,L5 IT,17273.0,9465.0
11050,15018,9465,Oligo,15018.0,9465.0
11092,15022,9492,L2/3 IT,15022.0,9492.0
11110,16741,9504,L5 IT,16741.0,9504.0
11113,15209,9505,Oligo,15209.0,9505.0
11114,17234,9505,L5 IT,17234.0,9505.0
11124,17858,9507,L2/3 IT,17858.0,9507.0
11133,15011,9516,Astro,15011.0,9516.0
11136,16982,9520,Oligo,16982.0,9520.0
11141,18638,9522,Oligo,18638.0,9522.0
11153,16255,9530,L2/3 IT,16255.0,9530.0
11156,17140,9533,Oligo,17140.0,9533.0
11157,17807,9531,L5 IT,17807.0,9531.0
11181,18881,9545,Astro,18881.0,9545.0
11183,18646,9545,L5 IT,18646.0,9545.0
11209,17391,9561,L4 IT,17391.0,9561.0
11219,17370,9569,Astro,17370.0,9569.0
11233,15102,9578,PAX6,15102.0,9578.0
11241,15501,9583,L5 IT,15501.0,9583.0
11260,17843,9596,L2/3 IT,17843.0,9596.0
11279,17287,9618,Astro,17287.0,9618.0
11283,15517,9616,L6 IT,15517.0,9616.0
11287,18259,9619,SST,18259.0,9619.0
11288,18967,9619,L4 IT,18967.0,9619.0
11313,16319,9636,Oligo,16319.0,9636.0
11319,17404,9639,SST CHODL,17404.0,9639.0
11339,15506,9648,L4 IT,15506.0,9648.0
11347,15835,9658,OPC,15835.0,9658.0
11348,16448,9658,Oligo,16448.0,9658.0
11352,18153,9659,L4 IT,18153.0,9659.0
11355,18972,9661,LAMP5 LHX6,18972.0,9661.0
11404,15395,9688,Oligo,15395.0,9688.0
11415,18592,9698,Oligo,18592.0,9698.0
11438,18326,9717,L4 IT,18326.0,9717.0
11442,15388,9719,Oligo,15388.0,9719.0
11443,16346,9721,L5 IT,16346.0,9721.0
11466,17223,9735,Astro,17223.0,9735.0
11482,15355,9748,L4 IT,15355.0,9748.0
11485,15161,9751,L2/3 IT,15161.0,9751.0
11486,15491,9750,VIP,15491.0,9750.0
11487,15990,9749,L4 IT,15990.0,9749.0
11489,17625,9755,L2/3 IT,17625.0,9755.0
11490,16766,9757,L2/3 IT,16766.0,9757.0
11504,18665,9765,Micro/PVM,18665.0,9765.0
11508,17265,9767,L5 IT,17265.0,9767.0
11516,17809,9775,L4 IT,17809.0,9775.0
11533,18402,9788,SST,18402.0,9788.0
11534,18475,9791,L5 IT,18475.0,9791.0
11540,17280,9794,Oligo,17280.0,9794.0
11549,15679,9801,L6 IT Car3,15679.0,9801.0
11553,16560,9802,L5 IT,16560.0,9802.0
11554,17854,9802,L2/3 IT,17854.0,9802.0
11577,15506,9815,OPC,15506.0,9815.0
11580,18910,9816,SST,18910.0,9816.0
11590,18271,9823,Astro,18271.0,9823.0
11591,18501,9821,PVALB,18501.0,9821.0
11601,16742,9829,Astro,16742.0,9829.0
11606,17744,9822,VLMC,17744.0,9822.0
11615,16329,9838,L5 IT,16329.0,9838.0
11619,18510,9839,L4 IT,18510.0,9839.0
11620,16904,9841,PVALB,16904.0,9841.0
11635,16925,9852,OPC,16925.0,9852.0
11649,18799,9861,Oligo,18799.0,9861.0
11656,15627,9870,Oligo,15627.0,9870.0
11664,16001,9875,VIP,16001.0,9875.0
11681,17801,9884,Oligo,17801.0,9884.0
11692,17887,9893,SST,17887.0,9893.0
11693,16774,9896,L4 IT,16774.0,9896.0
11704,16703,9901,Micro/PVM,16703.0,9901.0
11709,18611,9902,Oligo,18611.0,9902.0
11712,17754,9908,L2/3 IT,17754.0,9908.0
11713,18463,9906,L2/3 IT,18463.0,9906.0
11717,18495,9912,VIP,18495.0,9912.0
11726,16169,9921,L2/3 IT,16169.0,9921.0
11738,16551,9928,VIP,16551.0,9928.0
11739,18626,9929,L4 IT,18626.0,9929.0
11744,16036,9930,L6 IT Car3,16036.0,9930.0
11749,17417,9937,L6 IT Car3,17417.0,9937.0
11763,15972,9949,VIP,15972.0,9949.0
11767,16028,9955,L2/3 IT,16028.0,9955.0
11777,16393,9954,Chandelier,16393.0,9954.0
11795,15559,9970,L2/3 IT,15559.0,9970.0
11798,16562,9971,Oligo,16562.0,9971.0
11806,16778,9976,L5 ET,16778.0,9976.0
11814,17923,9981,Oligo,17923.0,9981.0
11818,16268,9987,L6 IT Car3,16268.0,9987.0
11828,16561,9995,PVALB,16561.0,9995.0
11829,18486,9994,L2/3 IT,18486.0,9994.0
11836,15068,9995,Oligo,15068.0,9995.0
11842,17895,9997,Oligo,17895.0,9997.0
11856,18514,10007,SST,18514.0,10007.0
11867,16295,10012,L4 IT,16295.0,10012.0
11875,17524,10015,L2/3 IT,17524.0,10015.0
11877,15957,10017,LAMP5 LHX6,15957.0,10017.0
11880,15615,10015,L5 IT,15615.0,10015.0
11881,18189,10019,PVALB,18189.0,10019.0
11882,18801,10018,VIP,18801.0,10018.0
11890,18880,10026,Astro,18880.0,10026.0
11891,15152,10027,PVALB,15152.0,10027.0
11894,15636,10033,L5 IT,15636.0,10033.0
11895,16059,10033,Oligo,16059.0,10033.0
11897,18574,10032,L4 IT,18574.0,10032.0
11912,17526,10039,L4 IT,17526.0,10039.0
11925,15050,10052,L2/3 IT,15050.0,10052.0
11926,18596,10053,Chandelier,18596.0,10053.0
11941,17756,10060,L4 IT,17756.0,10060.0
11944,18863,10061,Astro,18863.0,10061.0
11952,16025,10069,Astro,16025.0,10069.0
11957,15609,10077,L2/3 IT,15609.0,10077.0
11964,16883,10081,L2/3 IT,16883.0,10081.0
11974,18557,10087,Astro,18557.0,10087.0
11983,17550,10094,Oligo,17550.0,10094.0
11991,18587,10099,L5 IT,18587.0,10099.0
11993,15866,10100,Astro,15866.0,10100.0
12026,16067,10125,Oligo,16067.0,10125.0
12033,17996,10132,SST,17996.0,10132.0
12040,16410,10135,L6 CT,16410.0,10135.0
12046,18448,10137,Oligo,18448.0,10137.0
12067,16570,10154,SST,16570.0,10154.0
12068,17677,10156,L6 CT,17677.0,10156.0
12086,16989,10170,L2/3 IT,16989.0,10170.0
12087,17426,10170,Oligo,17426.0,10170.0
12096,15172,10174,L6 IT Car3,15172.0,10174.0
12105,15569,10183,SST,15569.0,10183.0
12125,16943,10195,Astro,16943.0,10195.0
12139,17370,10201,LAMP5,17370.0,10201.0
12151,16410,10209,VIP,16410.0,10209.0
12166,17607,10224,SNCG,17607.0,10224.0
12170,16445,10217,L6B,16445.0,10217.0
12172,16018,10223,OPC,16018.0,10223.0
12175,16128,10227,L2/3 IT,16128.0,10227.0
12182,17930,10232,L2/3 IT,17930.0,10232.0
12186,17090,10234,L5/6 NP,17090.0,10234.0
12190,16526,10239,L4 IT,16526.0,10239.0
12191,18190,10240,L2/3 IT,18190.0,10240.0
12194,17456,10243,L2/3 IT,17456.0,10243.0
12195,17983,10243,L5 IT,17983.0,10243.0
12202,17960,10248,Oligo,17960.0,10248.0
12219,15352,10261,LAMP5 LHX6,15352.0,10261.0
12222,17115,10266,L2/3 IT,17115.0,10266.0
12237,15375,10278,L6 IT Car3,15375.0,10278.0
12250,17804,10287,VIP,17804.0,10287.0
12255,18065,10290,SST,18065.0,10290.0
12259,18352,10292,Oligo,18352.0,10292.0
12269,16568,10301,Chandelier,16568.0,10301.0
12281,15550,10313,L2/3 IT,15550.0,10313.0
12296,15163,10318,L2/3 IT,15163.0,10318.0
12329,18025,10342,LAMP5 LHX6,18025.0,10342.0
12334,15766,10343,Astro,15766.0,10343.0
12356,15627,10367,L4 IT,15627.0,10367.0
12357,17591,10367,Micro/PVM,17591.0,10367.0
12363,16095,10369,Oligo,16095.0,10369.0
12370,16579,10372,PVALB,16579.0,10372.0
12371,18813,10378,Oligo,18813.0,10378.0
12376,15275,10383,LAMP5 LHX6,15275.0,10383.0
12378,15150,10387,L5/6 NP,15150.0,10387.0
12381,18566,10390,L2/3 IT,18566.0,10390.0
12411,15943,10418,LAMP5 LHX6,15943.0,10418.0
12415,16189,10418,Oligo,16189.0,10418.0
12418,18563,10417,PVALB,18563.0,10417.0
12420,17011,10419,L2/3 IT,17011.0,10419.0
12424,16295,10422,Oligo,16295.0,10422.0
12428,16600,10426,L2/3 IT,16600.0,10426.0
12433,16545,10429,L2/3 IT,16545.0,10429.0
12436,16322,10429,Oligo,16322.0,10429.0
12453,18278,10442,SST,18278.0,10442.0
12455,16638,10444,L2/3 IT,16638.0,10444.0
12456,16019,10446,Oligo,16019.0,10446.0
12458,16302,10451,L2/3 IT,16302.0,10451.0
12459,18889,10448,SNCG,18889.0,10448.0
12467,16336,10451,L2/3 IT,16336.0,10451.0
12476,16596,10462,VLMC,16596.0,10462.0
12483,18125,10466,PVALB,18125.0,10466.0
12487,17037,10473,Micro/PVM,17037.0,10473.0
12500,15627,10479,Oligo,15627.0,10479.0
12522,17213,10493,L2/3 IT,17213.0,10493.0
12526,15214,10497,L2/3 IT,15214.0,10497.0
12532,17786,10500,Astro,17786.0,10500.0
12536,16563,10504,L2/3 IT,16563.0,10504.0
12570,16314,10533,Micro/PVM,16314.0,10533.0
12579,16585,10539,L2/3 IT,16585.0,10539.0
12600,15764,10554,L2/3 IT,15764.0,10554.0
12601,18650,10554,VIP,18650.0,10554.0
12622,16378,10570,L4 IT,16378.0,10570.0
12627,15799,10576,Astro,15799.0,10576.0
12649,17080,10587,L2/3 IT,17080.0,10587.0
12658,15954,10596,L2/3 IT,15954.0,10596.0
12668,17144,10605,OPC,17144.0,10605.0
12677,18977,10611,L2/3 IT,18977.0,10611.0
12684,15977,10617,L2/3 IT,15977.0,10617.0
12689,18942,10622,VIP,18942.0,10622.0
12694,15684,10626,L2/3 IT,15684.0,10626.0
12697,15229,10631,Oligo,15229.0,10631.0
12710,16126,10641,VIP,16126.0,10641.0
12717,18193,10648,PVALB,18193.0,10648.0
12722,16980,10649,Astro,16980.0,10649.0
12728,16887,10654,Astro,16887.0,10654.0
12744,17353,10660,OPC,17353.0,10660.0
12760,18775,10675,Astro,18775.0,10675.0
12763,17115,10676,Astro,17115.0,10676.0
12769,17314,10681,Oligo,17314.0,10681.0
12786,17144,10695,L2/3 IT,17144.0,10695.0
12805,17037,10701,LAMP5,17037.0,10701.0
12810,17172,10706,Oligo,17172.0,10706.0
12822,16389,10716,LAMP5 LHX6,16389.0,10716.0
12832,17208,10721,L5 IT,17208.0,10721.0
12841,15289,10726,Oligo,15289.0,10726.0
12846,15691,10730,VLMC,15691.0,10730.0
12849,15328,10732,L2/3 IT,15328.0,10732.0
12850,17515,10732,SST,17515.0,10732.0
12877,18017,10749,SST CHODL,18017.0,10749.0
12887,16779,10760,L2/3 IT,16779.0,10760.0
12899,15982,10771,VIP,15982.0,10771.0
12909,17659,10773,L2/3 IT,17659.0,10773.0
12920,16478,10777,OPC,16478.0,10777.0
12953,18348,10794,PVALB,18348.0,10794.0
12958,17207,10796,L2/3 IT,17207.0,10796.0
12962,15692,10799,L2/3 IT,15692.0,10799.0
12963,18244,10800,VIP,18244.0,10800.0
12978,16047,10812,Endo,16047.0,10812.0
12983,17206,10815,LAMP5 LHX6,17206.0,10815.0
12987,16641,10818,OPC,16641.0,10818.0
12990,18170,10823,L2/3 IT,18170.0,10823.0
12993,15241,10827,LAMP5,15241.0,10827.0
12998,16587,10830,L2/3 IT,16587.0,10830.0
13007,15007,10839,Micro/PVM,15007.0,10839.0
13008,18222,10839,SST,18222.0,10839.0
13037,17418,10865,L4 IT,17418.0,10865.0
13049,16067,10870,Micro/PVM,16067.0,10870.0
13059,18211,10876,Oligo,18211.0,10876.0
13062,18259,10877,Oligo,18259.0,10877.0
13066,17176,10877,L2/3 IT,17176.0,10877.0
13088,16167,10895,Oligo,16167.0,10895.0
13100,16609,10906,Micro/PVM,16609.0,10906.0
13110,17980,10911,L2/3 IT,17980.0,10911.0
13133,17307,10932,Oligo,17307.0,10932.0
13145,18645,10939,L2/3 IT,18645.0,10939.0
13181,18419,10959,Astro,18419.0,10959.0
13188,18039,10964,L5/6 NP,18039.0,10964.0
13191,16144,10967,L4 IT,16144.0,10967.0
13211,16427,10982,Oligo,16427.0,10982.0
13212,18368,10982,L2/3 IT,18368.0,10982.0
13237,18521,11004,L2/3 IT,18521.0,11004.0
13238,17258,11008,PVALB,17258.0,11008.0
13242,16501,11009,OPC,16501.0,11009.0
13255,15237,11015,VLMC,15237.0,11015.0
13274,18876,11028,PVALB,18876.0,11028.0
13281,16512,11036,L2/3 IT,16512.0,11036.0
13285,17015,11040,L2/3 IT,17015.0,11040.0
13288,18901,11042,L2/3 IT,18901.0,11042.0
13299,17988,11052,SNCG,17988.0,11052.0
13308,18125,11058,VIP,18125.0,11058.0
13312,15056,11060,L2/3 IT,15056.0,11060.0
13332,17783,11071,L2/3 IT,17783.0,11071.0
13345,15548,11080,L2/3 IT,15548.0,11080.0
13349,18137,11084,L2/3 IT,18137.0,11084.0
13356,16205,11088,VIP,16205.0,11088.0
13358,18876,11090,PVALB,18876.0,11090.0
13362,17060,11093,Astro,17060.0,11093.0
13366,17300,11094,SNCG,17300.0,11094.0
13368,17129,11096,L2/3 IT,17129.0,11096.0
13369,17580,11094,VIP,17580.0,11094.0
13394,17812,11109,L2/3 IT,17812.0,11109.0
13400,16630,11114,Astro,16630.0,11114.0
13401,18289,11115,Astro,18289.0,11115.0
13406,15957,11117,SNCG,15957.0,11117.0
13407,18319,11116,Astro,18319.0,11116.0
13420,18040,11126,Astro,18040.0,11126.0
13423,16909,11129,PVALB,16909.0,11129.0
13424,17889,11129,L2/3 IT,17889.0,11129.0
13430,17748,11134,PVALB,17748.0,11134.0
13440,18280,11140,VIP,18280.0,11140.0
13472,15801,11167,L2/3 IT,15801.0,11167.0
13505,17485,11201,L4 IT,17485.0,11201.0
13533,18780,11227,SST,18780.0,11227.0
13537,17034,11233,L2/3 IT,17034.0,11233.0
13551,17207,11242,Chandelier,17207.0,11242.0
13552,18461,11242,LAMP5 LHX6,18461.0,11242.0
13564,16566,11256,PAX6,16566.0,11256.0
13571,16467,11258,L2/3 IT,16467.0,11258.0
13572,18210,11258,L2/3 IT,18210.0,11258.0
13574,16021,11258,LAMP5 LHX6,16021.0,11258.0
13581,17843,11264,L2/3 IT,17843.0,11264.0
13587,16055,11267,Oligo,16055.0,11267.0
13604,18418,11285,Oligo,18418.0,11285.0
13607,17670,11286,VIP,17670.0,11286.0
13616,18445,11295,Micro/PVM,18445.0,11295.0
13621,16462,11300,PVALB,16462.0,11300.0
13627,17144,11305,Micro/PVM,17144.0,11305.0
13633,16194,11300,L2/3 IT,16194.0,11300.0
13634,16417,11307,Chandelier,16417.0,11307.0
13635,17332,11307,L2/3 IT,17332.0,11307.0
13641,16043,11309,L2/3 IT,16043.0,11309.0
13645,16168,11314,OPC,16168.0,11314.0
13646,17974,11314,Oligo,17974.0,11314.0
13650,16617,11320,L2/3 IT,16617.0,11320.0
13661,15956,11330,Astro,15956.0,11330.0
13662,17305,11330,L2/3 IT,17305.0,11330.0
13663,17426,11330,Astro,17426.0,11330.0
13678,17775,11345,Micro/PVM,17775.0,11345.0
13684,16808,11350,VIP,16808.0,11350.0
13686,17224,11353,L2/3 IT,17224.0,11353.0
13691,17311,11356,Astro,17311.0,11356.0
13692,17686,11357,Astro,17686.0,11357.0
13693,18164,11358,PVALB,18164.0,11358.0
13712,15259,11376,L5/6 NP,15259.0,11376.0
13722,15604,11383,PVALB,15604.0,11383.0
13737,17281,11392,PVALB,17281.0,11392.0
13741,17455,11397,L2/3 IT,17455.0,11397.0
13747,16550,11401,PVALB,16550.0,11401.0
13757,17652,11406,Oligo,17652.0,11406.0
13782,18285,11433,Oligo,18285.0,11433.0
13784,16548,11434,PVALB,16548.0,11434.0
13800,15955,11444,L2/3 IT,15955.0,11444.0
13811,16234,11450,Astro,16234.0,11450.0
13812,18082,11448,Chandelier,18082.0,11448.0
13818,15477,11456,Micro/PVM,15477.0,11456.0
13819,18453,11455,L2/3 IT,18453.0,11455.0
13825,18231,11465,PVALB,18231.0,11465.0
13828,16011,11469,Micro/PVM,16011.0,11469.0
13833,18559,11470,OPC,18559.0,11470.0
13835,16857,11470,L2/3 IT,16857.0,11470.0
13838,17808,11474,L2/3 IT,17808.0,11474.0
13844,15837,11477,L2/3 IT,15837.0,11477.0
13846,15528,11482,Astro,15528.0,11482.0
13847,18340,11482,SST,18340.0,11482.0
13851,16420,11485,VIP,16420.0,11485.0
13852,16760,11486,VIP,16760.0,11486.0
13871,16648,11500,Astro,16648.0,11500.0
13872,18503,11500,L2/3 IT,18503.0,11500.0
13881,15982,11510,Oligo,15982.0,11510.0
13883,16806,11511,Micro/PVM,16806.0,11511.0
13907,16610,11526,SST CHODL,16610.0,11526.0
13917,18752,11532,Astro,18752.0,11532.0
13921,18010,11535,Micro/PVM,18010.0,11535.0
13929,18528,11546,L2/3 IT,18528.0,11546.0
13932,17818,11547,VIP,17818.0,11547.0
13933,17934,11549,L2/3 IT,17934.0,11549.0
13941,17377,11557,VIP,17377.0,11557.0
13949,15495,11560,PAX6,15495.0,11560.0
13975,17596,11581,L2/3 IT,17596.0,11581.0
13976,17749,11580,SNCG,17749.0,11580.0
13985,18080,11585,L5/6 NP,18080.0,11585.0
13986,18427,11587,L2/3 IT,18427.0,11587.0
14008,15307,11600,Chandelier,15307.0,11600.0
14011,17463,11602,L2/3 IT,17463.0,11602.0
14012,15159,11603,L2/3 IT,15159.0,11603.0
14013,16965,11603,L2/3 IT,16965.0,11603.0
14022,18253,11612,LAMP5 LHX6,18253.0,11612.0
14033,15743,11618,L2/3 IT,15743.0,11618.0
14041,17874,11624,VIP,17874.0,11624.0
14043,15119,11625,SST,15119.0,11625.0
14044,17124,11626,L2/3 IT,17124.0,11626.0
14053,18212,11632,Astro,18212.0,11632.0
14058,18021,11637,SST,18021.0,11637.0
14061,18835,11640,PVALB,18835.0,11640.0
14076,15248,11648,L2/3 IT,15248.0,11648.0
14083,16793,11653,L2/3 IT,16793.0,11653.0
14093,16555,11662,L6 IT Car3,16555.0,11662.0
14094,18062,11662,Chandelier,18062.0,11662.0
14097,15370,11666,L2/3 IT,15370.0,11666.0
14104,15806,11670,LAMP5 LHX6,15806.0,11670.0
14111,17081,11680,L6 CT,17081.0,11680.0
14112,17155,11679,Chandelier,17155.0,11679.0
14113,18144,11680,PVALB,18144.0,11680.0
14121,15010,11689,Oligo,15010.0,11689.0
14126,16225,11702,L2/3 IT,16225.0,11702.0
14132,16486,11704,Chandelier,16486.0,11704.0
14144,18448,11713,LAMP5 LHX6,18448.0,11713.0
14152,17576,11716,L2/3 IT,17576.0,11716.0
14159,18158,11723,L2/3 IT,18158.0,11723.0
14161,15813,11724,SST,15813.0,11724.0
14162,17810,11724,SNCG,17810.0,11724.0
14169,17836,11727,Oligo,17836.0,11727.0
14173,18716,11734,L2/3 IT,18716.0,11734.0
14177,18777,11736,Oligo,18777.0,11736.0
14189,16569,11747,L2/3 IT,16569.0,11747.0
14195,15304,11753,L2/3 IT,15304.0,11753.0
14198,15334,11757,OPC,15334.0,11757.0
14199,17111,11757,PAX6,17111.0,11757.0
14207,16024,11761,L2/3 IT,16024.0,11761.0
14210,18582,11763,VIP,18582.0,11763.0
14214,18702,11765,Astro,18702.0,11765.0
14221,17925,11773,VIP,17925.0,11773.0
14223,18877,11775,Micro/PVM,18877.0,11775.0
14230,18763,11778,PVALB,18763.0,11778.0
14234,18943,11781,L6 CT,18943.0,11781.0
14237,15392,11781,Astro,15392.0,11781.0
14242,17983,11788,L2/3 IT,17983.0,11788.0
14250,18240,11792,PVALB,18240.0,11792.0
14256,15618,11799,L2/3 IT,15618.0,11799.0
14262,18988,11804,L2/3 IT,18988.0,11804.0
14264,16443,11807,VLMC,16443.0,11807.0
14281,16572,11830,L6 IT Car3,16572.0,11830.0
14284,17760,11832,L2/3 IT,17760.0,11832.0
14288,16172,11834,L2/3 IT,16172.0,11834.0
14293,16469,11837,SST,16469.0,11837.0
14296,15770,11838,L2/3 IT,15770.0,11838.0
14302,16376,11843,L2/3 IT,16376.0,11843.0
14303,17432,11842,Micro/PVM,17432.0,11842.0
14309,18746,11850,L2/3 IT,18746.0,11850.0
14315,17273,11855,L5 IT,17273.0,11855.0
14325,15614,11866,OPC,15614.0,11866.0
14331,15678,11869,VIP,15678.0,11869.0
14332,17105,11869,SNCG,17105.0,11869.0
14338,15484,11873,Oligo,15484.0,11873.0
14345,17555,11879,PAX6,17555.0,11879.0
14350,18535,11884,OPC,18535.0,11884.0
14358,15346,11898,SST,15346.0,11898.0
14359,15429,11897,Chandelier,15429.0,11897.0
14367,17828,11900,L2/3 IT,17828.0,11900.0
14369,18425,11903,SNCG,18425.0,11903.0
14380,18233,11907,SNCG,18233.0,11907.0
14389,15545,11917,Endo,15545.0,11917.0
14390,17288,11918,Micro/PVM,17288.0,11918.0
14395,16444,11924,L2/3 IT,16444.0,11924.0
14403,16146,11926,L2/3 IT,16146.0,11926.0
14406,17953,11928,LAMP5,17953.0,11928.0
14419,15109,11940,L2/3 IT,15109.0,11940.0
14426,16505,11943,L2/3 IT,16505.0,11943.0
14427,18153,11944,Oligo,18153.0,11944.0
14429,18081,11948,PAX6,18081.0,11948.0
14432,18342,11951,L2/3 IT,18342.0,11951.0
14437,16324,11954,Oligo,16324.0,11954.0
14438,16440,11955,L2/3 IT,16440.0,11955.0
14442,16475,11959,Oligo,16475.0,11959.0
14449,17448,11968,Micro/PVM,17448.0,11968.0
14453,15677,11973,LAMP5 LHX6,15677.0,11973.0
14454,17480,11974,Micro/PVM,17480.0,11974.0
14466,15820,11985,Oligo,15820.0,11985.0
14477,15119,11993,L2/3 IT,15119.0,11993.0
14479,16913,11995,L2/3 IT,16913.0,11995.0
14499,15839,12008,PVALB,15839.0,12008.0
14504,15160,12012,OPC,15160.0,12012.0
14509,16320,12016,OPC,16320.0,12016.0
14515,15575,12020,L2/3 IT,15575.0,12020.0
14532,18343,12041,VIP,18343.0,12041.0
14536,18240,12041,Astro,18240.0,12041.0
14540,15737,12047,VIP,15737.0,12047.0
14549,17774,12059,SNCG,17774.0,12059.0
14558,15390,12064,L2/3 IT,15390.0,12064.0
14579,17391,12085,Oligo,17391.0,12085.0
14590,16037,12098,L2/3 IT,16037.0,12098.0
14605,16852,12120,Endo,16852.0,12120.0
14607,18708,12122,Astro,18708.0,12122.0
14614,18838,12123,L2/3 IT,18838.0,12123.0
14635,15771,12144,L2/3 IT,15771.0,12144.0
14669,15771,12178,OPC,15771.0,12178.0
14677,16029,12189,L2/3 IT,16029.0,12189.0
14680,15878,12189,Oligo,15878.0,12189.0
14713,15674,12233,Micro/PVM,15674.0,12233.0
14724,16355,12247,SNCG,16355.0,12247.0
14732,18380,12252,OPC,18380.0,12252.0
14734,17116,12255,SNCG,17116.0,12255.0
14740,15668,12262,VLMC,15668.0,12262.0
14745,15501,12268,L2/3 IT,15501.0,12268.0
14770,15849,12294,LAMP5 LHX6,15849.0,12294.0
14785,17134,12298,Astro,17134.0,12298.0
14799,16437,12317,Astro,16437.0,12317.0
14813,17228,12334,VLMC,17228.0,12334.0
14816,15269,12335,Chandelier,15269.0,12335.0
14823,17178,12351,Astro,17178.0,12351.0
14824,17210,12353,Astro,17210.0,12353.0
14880,15791,12405,SST,15791.0,12405.0
14884,18403,12407,Endo,18403.0,12407.0
14895,17230,12420,OPC,17230.0,12420.0
14901,18946,12428,Micro/PVM,18946.0,12428.0
14905,16008,12439,SNCG,16008.0,12439.0
14906,18348,12439,LAMP5,18348.0,12439.0
14918,17982,12455,Oligo,17982.0,12455.0
14926,16851,12466,LAMP5,16851.0,12466.0
14929,18545,12468,L6 IT Car3,18545.0,12468.0
14931,18592,12473,Astro,18592.0,12473.0
14934,17947,12475,Oligo,17947.0,12475.0
14937,16805,12479,L2/3 IT,16805.0,12479.0
14955,16581,12495,Astro,16581.0,12495.0
14956,18182,12497,OPC,18182.0,12497.0
14957,18207,12499,Oligo,18207.0,12499.0
14959,18533,12500,Astro,18533.0,12500.0
14960,17970,12502,SST,17970.0,12502.0
14961,18104,12502,Astro,18104.0,12502.0
14962,17129,12505,Oligo,17129.0,12505.0
14975,18193,12524,Astro,18193.0,12524.0
14977,18119,12531,OPC,18119.0,12531.0
14978,18923,12530,Astro,18923.0,12530.0
14994,18727,12539,OPC,18727.0,12539.0
15011,15946,12568,Astro,15946.0,12568.0
15013,16073,12572,Astro,16073.0,12572.0
15025,18718,12586,Astro,18718.0,12586.0
15027,17226,12589,Astro,17226.0,12589.0
15028,17274,12593,Astro,17274.0,12593.0
15037,18633,12599,Oligo,18633.0,12599.0
15044,15064,12605,Astro,15064.0,12605.0
15054,17048,12615,Oligo,17048.0,12615.0
15058,17217,12617,SST,17217.0,12617.0
15064,18437,12625,SNCG,18437.0,12625.0
15065,18525,12627,Astro,18525.0,12627.0
15069,16501,12639,Micro/PVM,16501.0,12639.0
15074,17873,12646,Astro,17873.0,12646.0
15075,18083,12645,L2/3 IT,18083.0,12645.0
15079,15569,12649,L6 CT,15569.0,12649.0
15086,15727,12654,Astro,15727.0,12654.0
15094,15773,12666,Oligo,15773.0,12666.0
15101,15736,12680,Astro,15736.0,12680.0
15105,16606,12685,Astro,16606.0,12685.0
15109,18014,12689,Astro,18014.0,12689.0
15117,17370,12704,Micro/PVM,17370.0,12704.0
15123,18058,12712,L2/3 IT,18058.0,12712.0
15137,17975,12731,Astro,17975.0,12731.0
15140,18844,12734,Oligo,18844.0,12734.0
15147,16198,12747,Astro,16198.0,12747.0
15148,17086,12752,Oligo,17086.0,12752.0
15152,18041,12758,Astro,18041.0,12758.0
15177,16233,12796,L2/3 IT,16233.0,12796.0
15184,16125,12806,L2/3 IT,16125.0,12806.0
15210,17639,12839,VIP,17639.0,12839.0
15228,17695,12880,LAMP5 LHX6,17695.0,12880.0
15253,16472,12915,Oligo,16472.0,12915.0
15268,18235,12951,Micro/PVM,18235.0,12951.0
15277,18185,12984,Astro,18185.0,12984.0
15280,18123,12988,L2/3 IT,18123.0,12988.0
15286,15395,12997,Oligo,15395.0,12997.0
